id,title,owner,priority,conditions,req,tech,why,pre,data,steps,expected
CP-CAT-01,Ordenamiento por nombre,Franco,Media,CT-CAT-01,E-RF01,Partición de equivalencia,"Se comparan las clases A-Z y Z-A, incluyendo empate sin exigir un desempate no especificado.",Categoría accesible con al menos dos nombres distintos; idioma inglés; registrar listado completo y número de páginas.,"Desktops; mostrar25 (12 productos observados como referencia, recapturar en nueva corrida).","Abrir categoría y guardar conjunto inicial de nombres.
Seleccionar Name (A - Z); leer todas las páginas o mostrar todos.
Comparar nombres consecutivos; registrar empates.
Seleccionar Name (Z - A) y repetir; comparar conjunto final con inicial.",Orden lexicográfico correcto en ambos sentidos para nombres de la muestra; sin pérdidas ni duplicados. No ejecutado por prioridad Media.
CP-CAT-02,Ordenamiento por precio,Franco,Alta,CT-CAT-02,E-RF01,Partición de equivalencia,Ascendente y descendente son clases del criterio; se incluyen precios iguales y promociones.,"Catálogo disponible, misma moneda USD y al menos dos precios distintos. Usar precio vigente, no precio tachado.","Desktops; Show25; 12 productos. Referencias: Canon98, Apple110, HP122, HTC122, iPodClassic122, Product8 122, iPhone123.20, Samsung242, Palm337.99, MacBook602, MacBookAir1202, Sony1202.","Abrir Desktops, seleccionar Show25 y anotar productos/precios.
Seleccionar Price (Low > High); comparar cada precio con el siguiente.
Capturar lista y criterio.
Seleccionar Price (High > Low); repetir y comprobar igualdad del conjunto.","Ascendente no decrece; descendente no crece; los12 productos se conservan. Empates permitidos. Precio especial98 de Canon se ordena por98, no por122."
CP-PRO-01,Omisión de opción obligatoria,Franco,Alta,CT-PRO-01,E-RF02,Partición de equivalencia,Una opción requerida ausente representa la clase inválida; se aísla de otros campos.,"Carrito vacío; producto con una opción obligatoria identificada; resto de datos válido. Registrar si carece de alternativas válidas, sin confundirlo con la validación de ausencia.","Canon EOS5D, Select sin elegir, cantidad1. El25/09 sólo se ofreció el placeholder.","Abrir ficha; identificar campo requerido y contador del carrito.
Dejar Select sin seleccionar, cantidad1 y pulsar Add to Cart una vez.
Esperar respuesta, registrar mensaje y verificar que el carrito permanece vacío.",No se añade el producto y el mensaje identifica Select. No demuestra que existan opciones válidas ni valida su precio.
CP-PRO-02,Opciones válidas y variación de precio,Franco,Alta,CT-PRO-02; CT-PRO-03,E-RF02 / E-RF03 derivados,Partición de equivalencia,"Comparar opción sin recargo y con recargo manteniendo constantes producto, cantidad e impuestos.","Producto con todas las opciones requeridas seleccionables, stock suficiente y ajuste fiscalmente interpretable; carrito limpio. Registrar precio base, ajuste y si incluye impuestos antes de ejecutar.","Candidato Apple Cinema30: Select Blue +5.60, Green +3.20 y Checkbox3 +38 mostrados; faltan alternativas Radio. Alternativos Canon y Product8 tampoco tienen opciones seleccionables. Datos válidos completos pendientes de provisión.","Verificar todas las alternativas requeridas; si alguna falta, registrar bloqueo sin inventar selección.
En ambiente habilitado, completar opciones válidas y añadir una unidad o el mínimo del producto.
Comparar opciones y precio en carrito contra base más ajustes con igual criterio fiscal.
Vaciar, cambiar sólo una opción de recargo conocido y repetir.",Cada configuración agrega exactamente lo solicitado; diferencia de precio corresponde al ajuste configurado e impuestos aplicables. Sin alternativas o regla fiscal verificable: Bloqueado.
CP-CAR-01,Actualización de cantidad válida,Franco,Alta,CT-CAR-01,E-RF03,Partición de equivalencia,Se verifica una cantidad válida antes y después del cambio; se separa importe neto del gravado.,"Carrito limpio, iPodNano disponible sin opciones, sin cupón ni envío aplicado; cantidad2 dentro de stock.","USD; iPodNano1 y2. Referencia: base100, precio mostrado122, EcoTax2/unidad, VAT20/unidad.","Añadir1 iPodNano y guardar unitario, línea, subtotal, impuestos y total.
Cambiar cantidad a2 y pulsar actualizar; esperar respuesta.
Recalcular línea usando unitario mostrado por cantidad cuando ambos representan la misma base fiscal.
Comparar subtotal200, EcoTax4, VAT40 y total244; registrar cualquier discrepancia de línea.","Para los datos observados:1 unidad línea122 total122;2 unidades línea244 total244, neto200 y tributos44. Si la interfaz usa otra base fiscal debe explicitarla; no comparar línea gravada con subtotal neto."
CP-CAR-02,Cantidad inválida o superior al stock,Franco,Alta,CT-CAR-02; CT-CAR-03,E-RF03 / E-RF08 derivados,Partición de equivalencia y valores límite,"Clases inválidas y frontera real del inventario:0,1 y S,S+1. Los tiempos1999/2000/2001 no se presentan como datos ejecutados.",Stock S leído en panel; producto sin opciones; carrito de prueba; anotar política de venta sin stock si es accesible. Restablecer una unidad entre variantes destructivas; verificar que S no cambió por terceros.,"iPod Nano: stock S = 147 observado el 25/09; variantes 0, -1, 1.5, abc, vacío, 147 y 148.","Con1 unidad, probar por separado0,-1,1.5,abc y vacío; actualizar y registrar cantidad persistida, avisos y total. Reponer1 antes de cada variante.
Fijar147; comprobar ausencia de marca de insuficiencia.
Fijar148; comprobar advertencia y pulsar Checkout.
Registrar si el sistema impide la compra; no generar pedidos con unidades inválidas. Limpiar carrito.","Ninguna cantidad negativa, fraccionaria o no numérica queda comprable. Cero puede retirar línea. Normalización silenciosa se informa como observación. Con política restrictiva S+1 debe bloquear checkout y S no debe marcar insuficiencia. La aritmética monetaria se juzga en CP-CAR-01; no se declara compra de147 completada."
CP-CUP-01,Aplicación de cupón válido,Franco,Alta,CT-CUP-01,E-RF04,Partición de equivalencia,"Representante de código vigente, activo y elegible; oráculo calculado antes de aplicar.","Cupón activo, fechas vigentes, usos disponibles, condiciones de login/mínimo y productos verificadas; carrito elegible. Registrar tipo, valor y base antes de probar.","Candidato 2222, descuento de 10 por ciento según el panel: el 25/09 estaba deshabilitado y vencido desde el 01/01/2020. Para ejecutar el caso se requiere un cupón activo, vigente y con condiciones conocidas.","Leer configuración vigente y registrar elegibilidad. Si no hay cupón válido, documentar bloqueo.
Con fixture válido, registrar subtotal e impuestos iniciales.
Aplicar código una vez y registrar línea de descuento y total.
Calcular descuento sobre base elegible; si base100 y10%, descuento neto10; recalcular impuestos según configuración verificada.","Una aplicación, descuento exacto según tipo/valor y base; total nunca negativo y tributos coherentes. No fijar total final usando una política fiscal desconocida."
CP-CUP-02,"Cupón inválido, no aplicable o duplicado",Franco,Alta,CT-CUP-02; CT-CUP-03; CT-CUP-04; CT-CUP-05,E-RF04 y riesgo de duplicación,Tabla de decisión y transición de estados,Cruza validez/elegibilidad y modela sin cupón -> aplicado -> reaplicado -> carrito cambiado.,"Carrito iPodNano1 sin descuento. Para variantesC-D-E, cupón válido de CP-CUP-01, restricciones y mínimo conocidos. Reiniciar estado entre variantes independientes.",A:QA-NO-EXISTE-20260924; B:2222 vencido/deshabilitado; C:cupón vigente limitado a otro producto; D:mismo cupón dos veces; E:retirar producto elegible o bajar del mínimo.,"A:aplicar código inexistente; guardar error y total.
B:aplicar2222 y contrastar con estado leído en panel.
C:con cupón válido, usar carrito no elegible y aplicar.
D:restablecer carrito elegible, aplicar una vez y reaplicar; comparar descuento.
E:cambiar elegibilidad y actualizar; verificar retiro/recalculo del beneficio.","A/B/C:error y ningún descuento nuevo. D:descuento único no acumulado. E:descuento revalidado. Si C-D-E carecen de cupón válido, registrar variantes Bloqueadas y no aprobar todo el caso."
CP-CHK-01,Checkout invitado hasta pago,Granit,Alta,CT-CHK-01; CT-CHK-02; CT-CHK-03,E-RF05,Partición de equivalencia,Campo vacío y completo; identidad invitada válida sin contraseña.,Carrito con iPodNano disponible; sin sesión de cliente; dirección ficticia; no suscribirse al boletín.,"Test / QA CS5383 / qa.cs5383.test@example.com; Av.Prueba123, London, SW1A1AA, UnitedKingdom, GreaterLondon.1 unidad en corrida25/09;2 en historial24/09.","Abrir Checkout y seleccionar Guest Checkout.
Completar todo excepto apellido y pulsar Continue; registrar validación.
Completar apellido y continuar; verificar datos guardados sin registro.
Pulsar Choose en Payment Method; registrar opciones o error.
Si hay pago aplicable, dejar preparado para CP-CON-01; no declarar orden confirmada en este caso.","Apellido vacío produce error específico; datos completos se guardan sin cuenta y existe método aplicable para continuar. La confirmación final de E-RF05 se verifica en CP-CON-01. Sin pago aplicable se registra fallo de este recorrido, sin inferir causa raíz ni fallo para todo cliente."
CP-CON-01,Número y resumen del pedido,Granit,Alta,CT-CON-01; CT-CON-02; CT-CHK-01,E-RF06 / E-RF05,Prueba de caso de uso,Verificación de extremo a extremo desde intención de compra hasta orden confirmada.,"CP-CHK-01 llega a pago y envío aplicables; sin advertencias; entorno de demostración y datos ficticios. Si falta pago, Bloqueado.","Pedido propio; capturar producto, opciones, cantidad y desglose actual. No fijar244 si hay envío u otro impuesto. Para2 Nano sin envío, referencia neto200 +eco4 +VAT40 =244.","Capturar resumen previo con todas las líneas e importes.
Verificar suma neto+impuestos+envío-descuentos y coherencia de cada línea.
Confirmar una vez; registrar número de orden y mensaje.
Comparar productos, opciones, cantidades y total antes/después; comprobar que siguió siendo invitado.","Identificador no vacío; resumen confirmado idéntico a intención válida; importe de línea se compara con unitario de igual base fiscal, nunca con neto200 de forma automática. E-RF05 completo sólo si la orden final existe."
CP-CON-02,Prevención de pedidos duplicados,Granit,Alta,CT-CON-03,E-RF06 derivado,Transición de estados,Modela carrito preparado -> orden creada -> reintento sin nueva orden.,"Checkout funcional, permiso de lectura de Orders y datos propios identificables. Preparar una compra independiente para cada variante.",Tres carritos de prueba distinguibles con comentarioQA-G5-A/B/C y correo ficticio; capturar número previo de órdenes de cada intención.,"VarianteA:doble clic en Confirm Order y consultar todas las órdenes de esa intención en panel.
VarianteB:confirmar otra compra una vez, recargar su confirmación y volver a contar órdenes.
VarianteC:confirmar otra compra, volver atrás e intentar confirmar de nuevo; consultar panel.
Comparar IDs, cantidades e importes; no usar pedidos de terceros como prueba.",Exactamente una orden por intención en cada variante. Una pantalla con el mismo ID no basta para descartar duplicados en administración.
CP-ADM-01,Agotado en panel reflejado públicamente,Granit,Alta,CT-ADM-01,E-RF08,Tabla de decisión,"Cruza stock0/positivo y política de compra sin stock, distinguiendo aviso de bloqueo.","Permiso de escritura sobre producto de prueba dedicado, lectura de política Stock Checkout y posibilidad de restaurar. No alterar configuración global de un demo compartido sin ambiente reservado.","Producto dedicado equivalente a HP LP3065; guardar stock, etiqueta y configuración previos. R1:S0/OutOfStock/políticaNo; R2:S0/OutOfStock/políticaSí; R3:S>=cantidad/InStock.","Registrar política efectiva y datos previos.
Guardar stock0 y etiquetaOutOfStock; verificar persistencia reabriendo. Si permiso denegado, parar y registrar Bloqueado.
Abrir ficha pública y carrito; comprobar aviso de agotado.
Intentar checkout conforme a fila aplicable; R1 bloquea, R2 puede admitir con aviso.
En entorno controlado, repetir otras filas configurables; restaurar datos y verificar.",El estado agotado guardado se refleja públicamente. El requisito original admite aviso o impedimento; no exige siempre deshabilitar Add to Cart. Sin permisos no se declara fallo de propagación ni ejecución de las tres reglas.
CP-PED-01,Pedido público visible en panel,Granit,Alta,CT-PED-01,E-RF07,Prueba de caso de uso,La comparación atraviesa las dos interfaces con la misma orden propia.,CP-CON-01 produjo ID propio; lectura de Sales>Orders.,ID y resumen de esa orden; no un ID encontrado al azar en el demo.,"Abrir Sales>Orders y filtrar por ID propio.
Abrir detalle y cotejar cliente ficticio, productos, opciones, cantidades, impuestos y total.
Guardar captura pública y administrativa y registrar diferencias.","Orden presente con mismoID y detalle; sin orden propia, Bloqueado. Pedidos ajenos no satisfacen la condición."
CP-RNF-01,Tiempo de actualización público a administración,Granit,Alta,CT-RNF-01,E-RNF01,Transición de estados y medición temporal,Orden confirmada públicamente -> visible en panel; dirección correcta del enunciado.,"Orden propia realizable y reloj común; acceso de lectura al panel; referencia interna60s adoptada por este plan, pendiente de validación docente/negocio.",ID de CP-CON-01; t0 confirmación pública; consultas del panel cada5s hasta60s.,"Registrar t0 al confirmarse la orden en sitio público.
Sin reiniciar servicios, consultar panel cada5s por ID.
Registrar instante de primera aparición y consulta anterior; reportar intervalo de latencia.
Comparar contra60s como referencia interna, conservando el dato bruto.","Orden visible sin reinicios; latencia reportada con resolución5s. <=60s cumple referencia interna, no un umbral literal del enunciado. No sustituir por cambio de stock admin->público, cubierto en CP-ADM-01."
CP-RNF-02,Compatibilidad en navegadores,Granit,Media,CT-RNF-02,E-RNF02,Partición de equivalencia,"Muestra por motor y aplicación:Chrome/Edge(Chromium),Firefox(Gecko). No prueba todos los navegadores populares.","Instalaciones disponibles, versiones exactas anotadas, mismas condiciones de red/datos y sesiones limpias.","Chrome,Edge,Firefox de escritorio; catálogoDesktops, Nano1 y datos invitados del casoCHK.","Anotar versión, sistema y tamaño de ventana en cada navegador.
Recorrer catálogo, ficha, carrito y checkout sin cambiar datos entre navegadores.
Comparar renderizado y validaciones; separar fallos comunes del demo de incompatibilidad específica.","Flujo equivalente sin fallos atribuibles al navegador; alcance de muestra explícito. Diseñado, no seleccionado para nueva ejecución por prioridadMedia."
CP-RNF-03,Tiempo de respuesta del catálogo,Granit / Franco,Alta,CT-RNF-03,E-RNF03,Medición de rendimiento con umbral,No se considera análisis de valores límite ejecutado: no se controlaron tiempos1999/2000/2001 como entradas.,"Instrumentación NavigationTiming/DevTools, registro exportable, red y equipo documentados, caché controlada. Sin instrumento verificable, Bloqueado.","Cameras,Desktops,Laptops&Notebooks; para cada una3 navegaciones frías y3 cálidas,18 muestras. Umbral<2000ms; métrica operacional loadEventEnd-startTime enms.","Anotar equipo, versión, red, URL, hora y caché.
Ejecutar secuencia de muestras con DevTools y conservar datos brutos de cada navegación.
Registrar loadEventEnd-startTime, TTFB y DOMContentLoaded como apoyo.
Calcular mínimo,mediana,p95,máximo; juzgar cada muestra contra2000ms. Separar desafíos de seguridad de carga del catálogo.",Todas las muestras válidas del protocolo deben estar debajo de 2000 ms; 2000 ms exactos incumple. Se deben conservar los datos de cada medición y limitar la conclusión al ambiente evaluado.
CP-CAT-03,Categoría y filtros del catálogo,Franco,Media,CT-CAT-03,Alcance funcional p.4,Partición de equivalencia,Conjunto con resultados y conjunto vacío.,Categorías accesibles; sólo aplicar filtros efectivamente configurados.,Desktops y subcategoríaPC; registrar conjunto esperado por membresía administrativa cuando sea accesible.,"Abrir categoría y verificar pertenencia.
Aplicar subcategoría o filtro configurado; comparar productos con regla.
Elegir una combinación conocida sin resultados y comprobar mensaje.","Resultados pertinentes y mensaje de vacío sin error técnico. Falta de filtros configurados se consigna como limitación de datos, no se inventa ejecución."
CP-VAL-01,Certificados de regalo,Franco,Media,CT-CUP-06,Alcance funcional p.4,Tabla de decisión,Combina código existente/vigente y saldo suficiente/insuficiente.,Certificado de prueba dedicado con saldo conocido; sin fondos reales ni certificados de terceros; total y política fiscal documentados.,Fixture futuroQA-G5-VALE saldo10 y códigoQA-VALE-INVALIDO; total superior e inferior a10. No creados en este demo.,"Registrar saldo y reglas del certificado.
Aplicar válido y comparar descuento y total no negativo.
Restablecer y aplicar inválido; comprobar error sin nuevo descuento.
Evaluar compra con total menor al saldo y documentar remanente según regla configurada.","Sólo vale elegible descuenta; no se supera saldo ni aparece total negativo; saldo restante conforme a configuración. Diseñado, no ejecutado por prioridadMedia."
